n_dex_num,name,hp,atk,def,spa,spd,spe,total,legendary
1,Bulbasaur,45,49,49,65,65,45,318,No
2,Ivysaur,60,62,63,80,80,60,405,No
3,Venusaur,80,82,83,100,100,80,525,No
4,Charmander,39,52,43,60,50,65,309,No
5,Charmeleon,58,64,58,80,65,80,405,No
6,Charizard,78,84,78,109,85,100,534,No
7,Squirtle,44,48,65,50,64,43,314,No
8,Wartortle,59,63,80,65,80,58,405,No
9,Blastoise,79,83,100,85,105,78,530,No
10,Caterpie,45,30,35,20,20,45,195,No
11,Metapod,50,20,55,25,25,30,205,No
12,Butterfree,60,45,50,90,80,70,395,No
13,Weedle,40,35,30,20,20,50,195,No
14,Kakuna,45,25,50,25,25,35,205,No
15,Beedrill,65,90,40,45,80,75,395,No
16,Pidgey,40,45,40,35,35,56,251,No
17,Pidgeotto,63,60,55,50,50,71,349,No
18,Pidgeot,83,80,75,70,70,101,479,No
19,Rattata,30,56,35,25,35,72,253,No
20,Raticate,55,81,60,50,70,97,413,No
21,Spearow,40,60,30,31,31,70,262,No
22,Fearow,65,90,65,61,61,100,442,No
23,Ekans,35,60,44,40,54,55,288,No
24,Arbok,60,95,69,65,79,80,448,No
25,Pikachu,35,55,40,50,50,90,320,No
26,Raichu,60,90,55,90,80,110,485,No
27,Sandshrew,50,75,85,20,30,40,300,No
28,Sandslash,75,100,110,45,55,65,450,No
29,Nidoran (Female),55,47,52,40,40,41,275,No
30,Nidorina,70,62,67,55,55,56,365,No
31,Nidoqueen,90,92,87,75,85,76,505,No
32,Nidoran (Male),46,57,40,40,40,50,273,No
33,Nidorino,61,72,57,55,55,65,365,No
34,Nidoking,81,102,77,85,75,85,505,No
35,Clefairy,70,45,48,60,65,35,323,No
36,Clefable,95,70,73,95,90,60,483,No
37,Vulpix,38,41,40,50,65,65,299,No
38,Ninetales,73,76,75,81,100,100,505,No
39,Jigglypuff,115,45,20,45,25,20,270,No
40,Wigglytuff,140,70,45,85,50,45,435,No
41,Zubat,40,45,35,30,40,55,245,No
42,Golbat,75,80,70,65,75,90,455,No
43,Oddish,45,50,55,75,65,30,320,No
44,Gloom,60,65,70,85,75,40,395,No
45,Vileplume,75,80,85,110,90,50,490,No
46,Paras,35,70,55,45,55,25,285,No
47,Parasect,60,95,80,60,80,30,405,No
48,Venonat,60,55,50,40,55,45,305,No
49,Venomoth,70,65,60,90,75,90,450,No
50,Diglett,10,55,25,35,45,95,265,No
51,Dugtrio,35,100,50,50,70,120,425,No
52,Meowth,40,45,35,40,40,90,290,No
53,Persian,65,70,60,65,65,115,440,No
54,Psyduck,50,52,48,65,50,55,320,No
55,Golduck,80,82,78,95,80,85,500,No
56,Mankey,40,80,35,35,45,70,305,No
57,Primeape,65,105,60,60,70,95,455,No
58,Growlithe,55,70,45,70,50,60,350,No
59,Arcanine,90,110,80,100,80,95,555,No
60,Poliwag,40,50,40,40,40,90,300,No
61,Poliwhirl,65,65,65,50,50,90,385,No
62,Poliwrath,90,95,95,70,90,70,510,No
63,Abra,25,20,15,105,55,90,310,No
64,Kadabra,40,35,30,120,70,105,400,No
65,Alakazam,55,50,45,135,95,120,500,No
66,Machop,70,80,50,35,35,35,305,No
67,Machoke,80,100,70,50,60,45,405,No
68,Machamp,90,130,80,65,85,55,505,No
69,Bellsprout,50,75,35,70,30,40,300,No
70,Weepinbell,65,90,50,85,45,55,390,No
71,Victreebel,80,105,65,100,70,70,490,No
72,Tentacool,40,40,35,50,100,70,335,No
73,Tentacruel,80,70,65,80,120,100,515,No
74,Geodude,40,80,100,30,30,20,300,No
75,Graveler,55,95,115,45,45,35,390,No
76,Golem,80,120,130,55,65,45,495,No
77,Ponyta,50,85,55,65,65,90,410,No
78,Rapidash,65,100,70,80,80,105,500,No
79,Slowpoke,90,65,65,40,40,15,315,No
80,Slowbro,95,75,110,100,80,30,490,No
81,Magnemite,25,35,70,95,55,45,325,No
82,Magneton,50,60,95,120,70,70,465,No
83,Farfetch'd,52,90,55,58,62,60,377,No
84,Doduo,35,85,45,35,35,75,310,No
85,Dodrio,60,110,70,60,60,110,470,No
86,Seel,65,45,55,45,70,45,325,No
87,Dewgong,90,70,80,70,95,70,475,No
88,Grimer,80,80,50,40,50,25,325,No
89,Muk,105,105,75,65,100,50,500,No
90,Shellder,30,65,100,45,25,40,305,No
91,Cloyster,50,95,180,85,45,70,525,No
92,Gastly,30,35,30,100,35,80,310,No
93,Haunter,45,50,45,115,55,95,405,No
94,Gengar,60,65,60,130,75,110,500,No
95,Onix,35,45,160,30,45,70,385,No
96,Drowzee,60,48,45,43,90,42,328,No
97,Hypno,85,73,70,73,115,67,483,No
98,Krabby,30,105,90,25,25,50,325,No
99,Kingler,55,130,115,50,50,75,475,No
100,Voltorb,40,30,50,55,55,100,330,No
101,Electrode,60,50,70,80,80,150,490,No
102,Exeggcute,60,40,80,60,45,40,325,No
103,Exeggutor,95,95,85,125,75,55,530,No
104,Cubone,50,50,95,40,50,35,320,No
105,Marowak,60,80,110,50,80,45,425,No
106,Hitmonlee,50,120,53,35,110,87,455,No
107,Hitmonchan,50,105,79,35,110,76,455,No
108,Lickitung,90,55,75,60,75,30,385,No
109,Koffing,40,65,95,60,45,35,340,No
110,Weezing,65,90,120,85,70,60,490,No
111,Rhyhorn,80,85,95,30,30,25,345,No
112,Rhydon,105,130,120,45,45,40,485,No
113,Chansey,250,5,5,35,105,50,450,No
114,Tangela,65,55,115,100,40,60,435,No
115,Kangaskhan,105,95,80,40,80,90,490,No
116,Horsea,30,40,70,70,25,60,295,No
117,Seadra,55,65,95,95,45,85,440,No
118,Goldeen,45,67,60,35,50,63,320,No
119,Seaking,80,92,65,65,80,68,450,No
120,Staryu,30,45,55,70,55,85,340,No
121,Starmie,60,75,85,100,85,115,520,No
122,Mr. Mime,40,45,65,100,120,90,460,No
123,Scyther,70,110,80,55,80,105,500,No
124,Jynx,65,50,35,115,95,95,455,No
125,Electabuzz,65,83,57,95,85,105,490,No
126,Magmar,65,95,57,100,85,93,495,No
127,Pinsir,65,125,100,55,70,85,500,No
128,Tauros,75,100,95,40,70,110,490,No
129,Magikarp,20,10,55,15,20,80,200,No
130,Gyarados,95,125,79,60,100,81,540,No
131,Lapras,130,85,80,85,95,60,535,No
132,Ditto,48,48,48,48,48,48,288,No
133,Eevee,55,55,50,45,65,55,325,No
134,Vaporeon,130,65,60,110,95,65,525,No
135,Jolteon,65,65,60,110,95,130,525,No
136,Flareon,65,130,60,95,110,65,525,No
137,Porygon,65,60,70,85,75,40,395,No
138,Omanyte,35,40,100,90,55,35,355,No
139,Omastar,70,60,125,115,70,55,495,No
140,Kabuto,30,80,90,55,45,55,355,No
141,Kabutops,60,115,105,65,70,80,495,No
142,Aerodactyl,80,105,65,60,75,130,515,No
143,Snorlax,160,110,65,65,110,30,540,No
144,Articuno,90,85,100,95,125,85,580,Yes
145,Zapdos,90,90,85,125,90,100,580,Yes
146,Moltres,90,100,90,125,85,90,580,Yes
147,Dratini,41,64,45,50,50,50,300,No
148,Dragonair,61,84,65,70,70,70,420,No
149,Dragonite,91,134,95,100,100,80,600,No
150,Mewtwo,106,110,90,154,90,130,680,Yes
151,Mew,100,100,100,100,100,100,600,Yes
152,Chikorita,45,49,65,49,65,45,318,No
153,Bayleef,60,62,80,63,80,60,405,No
154,Meganium,80,82,100,83,100,80,525,No
155,Cyndaquil,39,52,43,60,50,65,309,No
156,Quilava,58,64,58,80,65,80,405,No
157,Typhlosion,78,84,78,109,85,100,534,No
158,Totodile,50,65,64,44,48,43,314,No
159,Croconaw,65,80,80,59,63,58,405,No
160,Feraligatr,85,105,100,79,83,78,530,No
161,Sentret,35,46,34,35,45,20,215,No
162,Furret,85,76,64,45,55,90,415,No
163,Hoothoot,60,30,30,36,56,50,262,No
164,Noctowl,100,50,50,86,96,70,452,No
165,Ledyba,40,20,30,40,80,55,265,No
166,Ledian,55,35,50,55,110,85,390,No
167,Spinarak,40,60,40,40,40,30,250,No
168,Ariados,70,90,70,60,70,40,400,No
169,Crobat,85,90,80,70,80,130,535,No
170,Chinchou,75,38,38,56,56,67,330,No
171,Lanturn,125,58,58,76,76,67,460,No
172,Pichu,20,40,15,35,35,60,205,No
173,Cleffa,50,25,28,45,55,15,218,No
174,Igglybuff,90,30,15,40,20,15,210,No
175,Togepi,35,20,65,40,65,20,245,No
176,Togetic,55,40,85,80,105,40,405,No
177,Natu,40,50,45,70,45,70,320,No
178,Xatu,65,75,70,95,70,95,470,No
179,Mareep,55,40,40,65,45,35,280,No
180,Flaaffy,70,55,55,80,60,45,365,No
181,Ampharos,90,75,85,115,90,55,510,No
182,Bellossom,75,80,95,90,100,50,490,No
183,Marill,70,20,50,20,50,40,250,No
184,Azumarill,100,50,80,60,80,50,420,No
185,Sudowoodo,70,100,115,30,65,30,410,No
186,Politoed,90,75,75,90,100,70,500,No
187,Hoppip,35,35,40,35,55,50,250,No
188,Skiploom,55,45,50,45,65,80,340,No
189,Jumpluff,75,55,70,55,95,110,460,No
190,Aipom,55,70,55,40,55,85,360,No
191,Sunkern,30,30,30,30,30,30,180,No
192,Sunflora,75,75,55,105,85,30,425,No
193,Yanma,65,65,45,75,45,95,390,No
194,Wooper,55,45,45,25,25,15,210,No
195,Quagsire,95,85,85,65,65,35,430,No
196,Espeon,65,65,60,130,95,110,525,No
197,Umbreon,95,65,110,60,130,65,525,No
198,Murkrow,60,85,42,85,42,91,405,No
199,Slowking,95,75,80,100,110,30,490,No
200,Misdreavus,60,60,60,85,85,85,435,No
201,Unown,48,72,48,72,48,48,336,No
202,Wobbuffet,190,33,58,33,58,33,405,No
203,Girafarig,70,80,65,90,65,85,455,No
204,Pineco,50,65,90,35,35,15,290,No
205,Forretress,75,90,140,60,60,40,465,No
206,Dunsparce,100,70,70,65,65,45,415,No
207,Gligar,65,75,105,35,65,85,430,No
208,Steelix,75,85,200,55,65,30,510,No
209,Snubbull,60,80,50,40,40,30,300,No
210,Granbull,90,120,75,60,60,45,450,No
211,Qwilfish,65,95,85,55,55,85,440,No
212,Scizor,70,130,100,55,80,65,500,No
213,Shuckle,20,10,230,10,230,5,505,No
214,Heracross,80,125,75,40,95,85,500,No
215,Sneasel,55,95,55,35,75,115,430,No
216,Teddiursa,60,80,50,50,50,40,330,No
217,Ursaring,90,130,75,75,75,55,500,No
218,Slugma,40,40,40,70,40,20,250,No
219,Magcargo,60,50,120,90,80,30,430,No
220,Swinub,50,50,40,30,30,50,250,No
221,Piloswine,100,100,80,60,60,50,450,No
222,Corsola,65,55,95,65,95,35,410,No
223,Remoraid,35,65,35,65,35,65,300,No
224,Octillery,75,105,75,105,75,45,480,No
225,Delibird,45,55,45,65,45,75,330,No
226,Mantine,85,40,70,80,140,70,485,No
227,Skarmory,65,80,140,40,70,70,465,No
228,Houndour,45,60,30,80,50,65,330,No
229,Houndoom,75,90,50,110,80,95,500,No
230,Kingdra,75,95,95,95,95,85,540,No
231,Phanpy,90,60,60,40,40,40,330,No
232,Donphan,90,120,120,60,60,50,500,No
233,Porygon2,85,80,90,105,95,60,515,No
234,Stantler,73,95,62,85,65,85,465,No
235,Smeargle,55,20,35,20,45,75,250,No
236,Tyrogue,35,35,35,35,35,35,210,No
237,Hitmontop,50,95,95,35,110,70,455,No
238,Smoochum,45,30,15,85,65,65,305,No
239,Elekid,45,63,37,65,55,95,360,No
240,Magby,45,75,37,70,55,83,365,No
241,Miltank,95,80,105,40,70,100,490,No
242,Blissey,255,10,10,75,135,55,540,No
243,Raikou,90,85,75,115,100,115,580,Yes
244,Entei,115,115,85,90,75,100,580,Yes
245,Suicune,100,75,115,90,115,85,580,Yes
246,Larvitar,50,64,50,45,50,41,300,No
247,Pupitar,70,84,70,65,70,51,410,No
248,Tyranitar,100,134,110,95,100,61,600,No
249,Lugia,106,90,130,90,154,110,680,Yes
250,Ho-Oh,106,130,90,110,154,90,680,Yes
251,Celebi,100,100,100,100,100,100,600,Yes
252,Treecko,40,45,35,65,55,70,310,No
253,Grovyle,50,65,45,85,65,95,405,No
254,Sceptile,70,85,65,105,85,120,530,No
255,Torchic,45,60,40,70,50,45,310,No
256,Combusken,60,85,60,85,60,55,405,No
257,Blaziken,80,120,70,110,70,80,530,No
258,Mudkip,50,70,50,50,50,40,310,No
259,Marshtomp,70,85,70,60,70,50,405,No
260,Swampert,100,110,90,85,90,60,535,No
261,Poochyena,35,55,35,30,30,35,220,No
262,Mightyena,70,90,70,60,60,70,420,No
263,Zigzagoon,38,30,41,30,41,60,240,No
264,Linoone,78,70,61,50,61,100,420,No
265,Wurmple,45,45,35,20,30,20,195,No
266,Silcoon,50,35,55,25,25,15,205,No
267,Beautifly,60,70,50,100,50,65,395,No
268,Cascoon,50,35,55,25,25,15,205,No
269,Dustox,60,50,70,50,90,65,385,No
270,Lotad,40,30,30,40,50,30,220,No
271,Lombre,60,50,50,60,70,50,340,No
272,Ludicolo,80,70,70,90,100,70,480,No
273,Seedot,40,40,50,30,30,30,220,No
274,Nuzleaf,70,70,40,60,40,60,340,No
275,Shiftry,90,100,60,90,60,80,480,No
276,Taillow,40,55,30,30,30,85,270,No
277,Swellow,60,85,60,75,50,125,455,No
278,Wingull,40,30,30,55,30,85,270,No
279,Pelipper,60,50,100,95,70,65,440,No
280,Ralts,28,25,25,45,35,40,198,No
281,Kirlia,38,35,35,65,55,50,278,No
282,Gardevoir,68,65,65,125,115,80,518,No
283,Surskit,40,30,32,50,52,65,269,No
284,Masquerain,70,60,62,100,82,80,454,No
285,Shroomish,60,40,60,40,60,35,295,No
286,Breloom,60,130,80,60,60,70,460,No
287,Slakoth,60,60,60,35,35,30,280,No
288,Vigoroth,80,80,80,55,55,90,440,No
289,Slaking,150,160,100,95,65,100,670,No
290,Nincada,31,45,90,30,30,40,266,No
291,Ninjask,61,90,45,50,50,160,456,No
292,Shedinja,1,90,45,30,30,40,236,No
293,Whismur,64,51,23,51,23,28,240,No
294,Loudred,84,71,43,71,43,48,360,No
295,Exploud,104,91,63,91,73,68,490,No
296,Makuhita,72,60,30,20,30,25,237,No
297,Hariyama,144,120,60,40,60,50,474,No
298,Azurill,50,20,40,20,40,20,190,No
299,Nosepass,30,45,135,45,90,30,375,No
300,Skitty,50,45,45,35,35,50,260,No
301,Delcatty,70,65,65,55,55,90,400,No
302,Sableye,50,75,75,65,65,50,380,No
303,Mawile,50,85,85,55,55,50,380,No
304,Aron,50,70,100,40,40,30,330,No
305,Lairon,60,90,140,50,50,40,430,No
306,Aggron,70,110,180,60,60,50,530,No
307,Meditite,30,40,55,40,55,60,280,No
308,Medicham,60,60,75,60,75,80,410,No
309,Electrike,40,45,40,65,40,65,295,No
310,Manectric,70,75,60,105,60,105,475,No
311,Plusle,60,50,40,85,75,95,405,No
312,Minun,60,40,50,75,85,95,405,No
313,Volbeat,65,73,75,47,85,85,430,No
314,Illumise,65,47,75,73,85,85,430,No
315,Roselia,50,60,45,100,80,65,400,No
316,Gulpin,70,43,53,43,53,40,302,No
317,Swalot,100,73,83,73,83,55,467,No
318,Carvanha,45,90,20,65,20,65,305,No
319,Sharpedo,70,120,40,95,40,95,460,No
320,Wailmer,130,70,35,70,35,60,400,No
321,Wailord,170,90,45,90,45,60,500,No
322,Numel,60,60,40,65,45,35,305,No
323,Camerupt,70,100,70,105,75,40,460,No
324,Torkoal,70,85,140,85,70,20,470,No
325,Spoink,60,25,35,70,80,60,330,No
326,Grumpig,80,45,65,90,110,80,470,No
327,Spinda,60,60,60,60,60,60,360,No
328,Trapinch,45,100,45,45,45,10,290,No
329,Vibrava,50,70,50,50,50,70,340,No
330,Flygon,80,100,80,80,80,100,520,No
331,Cacnea,50,85,40,85,40,35,335,No
332,Cacturne,70,115,60,115,60,55,475,No
333,Swablu,45,40,60,40,75,50,310,No
334,Altaria,75,70,90,70,105,80,490,No
335,Zangoose,73,115,60,60,60,90,458,No
336,Seviper,73,100,60,100,60,65,458,No
337,Lunatone,90,55,65,95,85,70,460,No
338,Solrock,90,95,85,55,65,70,460,No
339,Barboach,50,48,43,46,41,60,288,No
340,Whiscash,110,78,73,76,71,60,468,No
341,Corphish,43,80,65,50,35,35,308,No
342,Crawdaunt,63,120,85,90,55,55,468,No
343,Baltoy,40,40,55,40,70,55,300,No
344,Claydol,60,70,105,70,120,75,500,No
345,Lileep,66,41,77,61,87,23,355,No
346,Cradily,86,81,97,81,107,43,495,No
347,Anorith,45,95,50,40,50,75,355,No
348,Armaldo,75,125,100,70,80,45,495,No
349,Feebas,20,15,20,10,55,80,200,No
350,Milotic,95,60,79,100,125,81,540,No
351,Castform,70,70,70,70,70,70,420,No
352,Kecleon,60,90,70,60,120,40,440,No
353,Shuppet,44,75,35,63,33,45,295,No
354,Banette,64,115,65,83,63,65,455,No
355,Duskull,20,40,90,30,90,25,295,No
356,Dusclops,40,70,130,60,130,25,455,No
357,Tropius,99,68,83,72,87,51,460,No
358,Chimecho,75,50,80,95,90,65,455,No
359,Absol,65,130,60,75,60,75,465,No
360,Wynaut,95,23,48,23,48,23,260,No
361,Snorunt,50,50,50,50,50,50,300,No
362,Glalie,80,80,80,80,80,80,480,No
363,Spheal,70,40,50,55,50,25,290,No
364,Sealeo,90,60,70,75,70,45,410,No
365,Walrein,110,80,90,95,90,65,530,No
366,Clamperl,35,64,85,74,55,32,345,No
367,Huntail,55,104,105,94,75,52,485,No
368,Gorebyss,55,84,105,114,75,52,485,No
369,Relicanth,100,90,130,45,65,55,485,No
370,Luvdisc,43,30,55,40,65,97,330,No
371,Bagon,45,75,60,40,30,50,300,No
372,Shelgon,65,95,100,60,50,50,420,No
373,Salamence,95,135,80,110,80,100,600,No
374,Beldum,40,55,80,35,60,30,300,No
375,Metang,60,75,100,55,80,50,420,No
376,Metagross,80,135,130,95,90,70,600,No
377,Regirock,80,100,200,50,100,50,580,Yes
378,Regice,80,50,100,100,200,50,580,Yes
379,Registeel,80,75,150,75,150,50,580,Yes
380,Latias,80,80,90,110,130,110,600,Yes
381,Latios,80,90,80,130,110,110,600,Yes
382,Kyogre,100,100,90,150,140,90,670,Yes
383,Groudon,100,150,140,100,90,90,670,Yes
384,Rayquaza,105,150,90,150,90,95,680,Yes
385,Jirachi,100,100,100,100,100,100,600,Yes
386,Deoxys (Normal Forme),50,150,50,150,50,150,600,Yes
387,Turtwig,55,68,64,45,55,31,318,No
388,Grotle,75,89,85,55,65,36,405,No
389,Torterra,95,109,105,75,85,56,525,No
390,Chimchar,44,58,44,58,44,61,309,No
391,Monferno,64,78,52,78,52,81,405,No
392,Infernape,76,104,71,104,71,108,534,No
393,Piplup,53,51,53,61,56,40,314,No
394,Prinplup,64,66,68,81,76,50,405,No
395,Empoleon,84,86,88,111,101,60,530,No
396,Starly,40,55,30,30,30,60,245,No
397,Staravia,55,75,50,40,40,80,340,No
398,Staraptor,85,120,70,50,60,100,485,No
399,Bidoof,59,45,40,35,40,31,250,No
400,Bibarel,79,85,60,55,60,71,410,No
401,Kricketot,37,25,41,25,41,25,194,No
402,Kricketune,77,85,51,55,51,65,384,No
403,Shinx,45,65,34,40,34,45,263,No
404,Luxio,60,85,49,60,49,60,363,No
405,Luxray,80,120,79,95,79,70,523,No
406,Budew,40,30,35,50,70,55,280,No
407,Roserade,60,70,65,125,105,90,515,No
408,Cranidos,67,125,40,30,30,58,350,No
409,Rampardos,97,165,60,65,50,58,495,No
410,Shieldon,30,42,118,42,88,30,350,No
411,Bastiodon,60,52,168,47,138,30,495,No
412,Burmy,40,29,45,29,45,36,224,No
413,Wormadam (Plant Cloak),60,59,85,79,105,36,424,No
414,Mothim,70,94,50,94,50,66,424,No
415,Combee,30,30,42,30,42,70,244,No
416,Vespiquen,70,80,102,80,102,40,474,No
417,Pachirisu,60,45,70,45,90,95,405,No
418,Buizel,55,65,35,60,30,85,330,No
419,Floatzel,85,105,55,85,50,115,495,No
420,Cherubi,45,35,45,62,53,35,275,No
421,Cherrim,70,60,70,87,78,85,450,No
422,Shellos,76,48,48,57,62,34,325,No
423,Gastrodon,111,83,68,92,82,39,475,No
424,Ambipom,75,100,66,60,66,115,482,No
425,Drifloon,90,50,34,60,44,70,348,No
426,Drifblim,150,80,44,90,54,80,498,No
427,Buneary,55,66,44,44,56,85,350,No
428,Lopunny,65,76,84,54,96,105,480,No
429,Mismagius,60,60,60,105,105,105,495,No
430,Honchkrow,100,125,52,105,52,71,505,No
431,Glameow,49,55,42,42,37,85,310,No
432,Purugly,71,82,64,64,59,112,452,No
433,Chingling,45,30,50,65,50,45,285,No
434,Stunky,63,63,47,41,41,74,329,No
435,Skuntank,103,93,67,71,61,84,479,No
436,Bronzor,57,24,86,24,86,23,300,No
437,Bronzong,67,89,116,79,116,33,500,No
438,Bonsly,50,80,95,10,45,10,290,No
439,Mime Jr.,20,25,45,70,90,60,310,No
440,Happiny,100,5,5,15,65,30,220,No
441,Chatot,76,65,45,92,42,91,411,No
442,Spiritomb,50,92,108,92,108,35,485,No
443,Gible,58,70,45,40,45,42,300,No
444,Gabite,68,90,65,50,55,82,410,No
445,Garchomp,108,130,95,80,85,102,600,No
446,Munchlax,135,85,40,40,85,5,390,No
447,Riolu,40,70,40,35,40,60,285,No
448,Lucario,70,110,70,115,70,90,525,No
449,Hippopotas,68,72,78,38,42,32,330,No
450,Hippowdon,108,112,118,68,72,47,525,No
451,Skorupi,40,50,90,30,55,65,330,No
452,Drapion,70,90,110,60,75,95,500,No
453,Croagunk,48,61,40,61,40,50,300,No
454,Toxicroak,83,106,65,86,65,85,490,No
455,Carnivine,74,100,72,90,72,46,454,No
456,Finneon,49,49,56,49,61,66,330,No
457,Lumineon,69,69,76,69,86,91,460,No
458,Mantyke,45,20,50,60,120,50,345,No
459,Snover,60,62,50,62,60,40,334,No
460,Abomasnow,90,92,75,92,85,60,494,No
461,Weavile,70,120,65,45,85,125,510,No
462,Magnezone,70,70,115,130,90,60,535,No
463,Lickilicky,110,85,95,80,95,50,515,No
464,Rhyperior,115,140,130,55,55,40,535,No
465,Tangrowth,100,100,125,110,50,50,535,No
466,Electivire,75,123,67,95,85,95,540,No
467,Magmortar,75,95,67,125,95,83,540,No
468,Togekiss,85,50,95,120,115,80,545,No
469,Yanmega,86,76,86,116,56,95,515,No
470,Leafeon,65,110,130,60,65,95,525,No
471,Glaceon,65,60,110,130,95,65,525,No
472,Gliscor,75,95,125,45,75,95,510,No
473,Mamoswine,110,130,80,70,60,80,530,No
474,Porygon-Z,85,80,70,135,75,90,535,No
475,Gallade,68,125,65,65,115,80,518,No
476,Probopass,60,55,145,75,150,40,525,No
477,Dusknoir,45,100,135,65,135,45,525,No
478,Froslass,70,80,70,80,70,110,480,No
479,Rotom,50,50,77,95,77,91,440,No
480,Uxie,75,75,130,75,130,95,580,Yes
481,Mesprit,80,105,105,105,105,80,580,Yes
482,Azelf,75,125,70,125,70,115,580,Yes
483,Dialga,100,120,120,150,100,90,680,Yes
484,Palkia,90,120,100,150,120,100,680,Yes
485,Heatran,91,90,106,130,106,77,600,Yes
486,Regigigas,110,160,110,80,110,100,670,Yes
487,Giratina (Altered Forme),150,100,120,100,120,90,680,Yes
488,Cresselia,120,70,120,75,130,85,600,Yes
489,Phione,80,80,80,80,80,80,480,No
490,Manaphy,100,100,100,100,100,100,600,Yes
491,Darkrai,70,90,90,135,90,125,600,Yes
492,Shaymin (Land Forme),100,100,100,100,100,100,600,Yes
493,Arceus,120,120,120,120,120,120,720,Yes
494,Victini,100,100,100,100,100,100,600,Yes
495,Snivy,45,45,55,45,55,63,308,No
496,Servine,60,60,75,60,75,83,413,No
497,Serperior,75,75,95,75,95,113,528,No
498,Tepig,65,63,45,45,45,45,308,No
499,Pignite,90,93,55,70,55,55,418,No
500,Emboar,110,123,65,100,65,65,528,No
501,Oshawott,55,55,45,63,45,45,308,No
502,Dewott,75,75,60,83,60,60,413,No
503,Samurott,95,100,85,108,70,70,528,No
504,Patrat,45,55,39,35,39,42,255,No
505,Watchog,60,85,69,60,69,77,420,No
506,Lillipup,45,60,45,25,45,55,275,No
507,Herdier,65,80,65,35,65,60,370,No
508,Stoutland,85,110,90,45,90,80,500,No
509,Purrloin,41,50,37,50,37,66,281,No
510,Liepard,64,88,50,88,50,106,446,No
511,Pansage,50,53,48,53,48,64,316,No
512,Simisage,75,98,63,98,63,101,498,No
513,Pansear,50,53,48,53,48,64,316,No
514,Simisear,75,98,63,98,63,101,498,No
515,Panpour,50,53,48,53,48,64,316,No
516,Simipour,75,98,63,98,63,101,498,No
517,Munna,76,25,45,67,55,24,292,No
518,Musharna,116,55,85,107,95,29,487,No
519,Pidove,50,55,50,36,30,43,264,No
520,Tranquill,62,77,62,50,42,65,358,No
521,Unfezant,80,115,80,65,55,93,488,No
522,Blitzle,45,60,32,50,32,76,295,No
523,Zebstrika,75,100,63,80,63,116,497,No
524,Roggenrola,55,75,85,25,25,15,280,No
525,Boldore,70,105,105,50,40,20,390,No
526,Gigalith,85,135,130,60,80,25,515,No
527,Woobat,65,45,43,55,43,72,323,No
528,Swoobat,67,57,55,77,55,114,425,No
529,Drilbur,60,85,40,30,45,68,328,No
530,Excadrill,110,135,60,50,65,88,508,No
531,Audino,103,60,86,60,86,50,445,No
532,Timburr,75,80,55,25,35,35,305,No
533,Gurdurr,85,105,85,40,50,40,405,No
534,Conkeldurr,105,140,95,55,65,45,505,No
535,Tympole,50,50,40,50,40,64,294,No
536,Palpitoad,75,65,55,65,55,69,384,No
537,Seismitoad,105,95,75,85,75,74,509,No
538,Throh,120,100,85,30,85,45,465,No
539,Sawk,75,125,75,30,75,85,465,No
540,Sewaddle,45,53,70,40,60,42,310,No
541,Swadloon,55,63,90,50,80,42,380,No
542,Leavanny,75,103,80,70,80,92,500,No
543,Venipede,30,45,59,30,39,57,260,No
544,Whirlipede,40,55,99,40,79,47,360,No
545,Scolipede,60,100,89,55,69,112,485,No
546,Cottonee,40,27,60,37,50,66,280,No
547,Whimsicott,60,67,85,77,75,116,480,No
548,Petilil,45,35,50,70,50,30,280,No
549,Lilligant,70,60,75,110,75,90,480,No
550,Basculin,70,92,65,80,55,98,460,No
551,Sandile,50,72,35,35,35,65,292,No
552,Krokorok,60,82,45,45,45,74,351,No
553,Krookodile,95,117,80,65,70,92,519,No
554,Darumaka,70,90,45,15,45,50,315,No
555,Darmanitan (Standard Mode),105,140,55,30,55,95,480,No
556,Maractus,75,86,67,106,67,60,461,No
557,Dwebble,50,65,85,35,35,55,325,No
558,Crustle,70,105,125,65,75,45,485,No
559,Scraggy,50,75,70,35,70,48,348,No
560,Scrafty,65,90,115,45,115,58,488,No
561,Sigilyph,72,58,80,103,80,97,490,No
562,Yamask,38,30,85,55,65,30,303,No
563,Cofagrigus,58,50,145,95,105,30,483,No
564,Tirtouga,54,78,103,53,45,22,355,No
565,Carracosta,74,108,133,83,65,32,495,No
566,Archen,55,112,45,74,45,70,401,No
567,Archeops,75,140,65,112,65,110,567,No
568,Trubbish,50,50,62,40,62,65,329,No
569,Garbodor,80,95,82,60,82,75,474,No
570,Zorua,40,65,40,80,40,65,330,No
571,Zoroark,60,105,60,120,60,105,510,No
572,Minccino,55,50,40,40,40,75,300,No
573,Cinccino,75,95,60,65,60,115,470,No
574,Gothita,45,30,50,55,65,45,290,No
575,Gothorita,60,45,70,75,85,55,390,No
576,Gothitelle,70,55,95,95,110,65,490,No
577,Solosis,45,30,40,105,50,20,290,No
578,Duosion,65,40,50,125,60,30,370,No
579,Reuniclus,110,65,75,125,85,30,490,No
580,Ducklett,62,44,50,44,50,55,305,No
581,Swanna,75,87,63,87,63,98,473,No
582,Vanillite,36,50,50,65,60,44,305,No
583,Vanillish,51,65,65,80,75,59,395,No
584,Vanilluxe,71,95,85,110,95,79,535,No
585,Deerling,60,60,50,40,50,75,335,No
586,Sawsbuck,80,100,70,60,70,95,475,No
587,Emolga,55,75,60,75,60,103,428,No
588,Karrablast,50,75,45,40,45,60,315,No
589,Escavalier,70,135,105,60,105,20,495,No
590,Foongus,69,55,45,55,55,15,294,No
591,Amoonguss,114,85,70,85,80,30,464,No
592,Frillish,55,40,50,65,85,40,335,No
593,Jellicent,100,60,70,85,105,60,480,No
594,Alomomola,165,75,80,40,45,65,470,No
595,Joltik,50,47,50,57,50,65,319,No
596,Galvantula,70,77,60,97,60,108,472,No
597,Ferroseed,44,50,91,24,86,10,305,No
598,Ferrothorn,74,94,131,54,116,20,489,No
599,Klink,40,55,70,45,60,30,300,No
600,Klang,60,80,95,70,85,50,440,No
601,Klinklang,60,100,115,70,85,90,520,No
602,Tynamo,35,55,40,45,40,60,275,No
603,Eelektrik,65,85,70,75,70,40,405,No
604,Eelektross,85,115,80,105,80,50,515,No
605,Elgyem,55,55,55,85,55,30,335,No
606,Beheeyem,75,75,75,125,95,40,485,No
607,Litwick,50,30,55,65,55,20,275,No
608,Lampent,60,40,60,95,60,55,370,No
609,Chandelure,60,55,90,145,90,80,520,No
610,Axew,46,87,60,30,40,57,320,No
611,Fraxure,66,117,70,40,50,67,410,No
612,Haxorus,76,147,90,60,70,97,540,No
613,Cubchoo,55,70,40,60,40,40,305,No
614,Beartic,95,130,80,70,80,50,505,No
615,Cryogonal,80,50,50,95,135,105,515,No
616,Shelmet,50,40,85,40,65,25,305,No
617,Accelgor,80,70,40,100,60,145,495,No
618,Stunfisk,109,66,84,81,99,32,471,No
619,Mienfoo,45,85,50,55,50,65,350,No
620,Mienshao,65,125,60,95,60,105,510,No
621,Druddigon,77,120,90,60,90,48,485,No
622,Golett,59,74,50,35,50,35,303,No
623,Golurk,89,124,80,55,80,55,483,No
624,Pawniard,45,85,70,40,40,60,340,No
625,Bisharp,65,125,100,60,70,70,490,No
626,Bouffalant,95,110,95,40,95,55,490,No
627,Rufflet,70,83,50,37,50,60,350,No
628,Braviary,100,123,75,57,75,80,510,No
629,Vullaby,70,55,75,45,65,60,370,No
630,Mandibuzz,110,65,105,55,95,80,510,No
631,Heatmor,85,97,66,105,66,65,484,No
632,Durant,58,109,112,48,48,109,484,No
633,Deino,52,65,50,45,50,38,300,No
634,Zweilous,72,85,70,65,70,58,420,No
635,Hydreigon,92,105,90,125,90,98,600,No
636,Larvesta,55,85,55,50,55,60,360,No
637,Volcarona,85,60,65,135,105,100,550,No
638,Cobalion,91,90,129,90,72,108,580,Yes
639,Terrakion,91,129,90,72,90,108,580,Yes
640,Virizion,91,90,72,90,129,108,580,Yes
641,Tornadus (Incarnate Forme),79,115,70,125,80,111,580,Yes
642,Thundurus (Incarnate Forme),79,115,70,125,80,111,580,Yes
643,Reshiram,100,120,100,150,120,90,680,Yes
644,Zekrom,100,150,120,120,100,90,680,Yes
645,Landorus (Incarnate Forme),89,125,90,115,80,101,600,Yes
646,Kyurem (Normal Kyurem),125,130,90,130,90,95,660,No
647,Keldeo,91,72,90,129,90,108,580,Yes
648,Meloetta (Aria Forme),100,77,77,128,128,90,600,Yes
649,Genesect,71,120,95,120,95,99,600,Yes
650,Chespin,56,61,65,48,45,38,313,No
651,Quilladin,61,78,95,56,58,57,405,No
652,Chesnaught,88,107,122,74,75,64,530,No
653,Fennekin,40,45,40,62,60,60,307,No
654,Braixen,59,59,58,90,70,73,409,No
655,Delphox,75,69,72,114,100,104,534,No
656,Froakie,41,56,40,62,44,71,314,No
657,Frogadier,54,63,52,83,56,97,405,No
658,Greninja,72,95,67,103,71,122,530,No
659,Bunnelby,38,36,38,32,36,57,237,No
660,Diggersby,85,56,77,50,77,78,423,No
661,Fletchling,45,50,43,40,38,62,278,No
662,Fletchinder,62,73,55,56,52,84,382,No
663,Talonflame,78,81,71,74,69,126,499,No
664,Scatterbug,38,35,40,27,25,35,200,No
665,Spewpa,45,22,60,27,30,29,213,No
666,Vivillon,80,52,50,90,50,89,411,No
667,Litleo,62,50,58,73,54,72,369,No
668,Pyroar,86,68,72,109,66,106,507,No
669,Flab‚b‚,44,38,39,61,79,42,303,No
670,Floette,54,45,47,75,98,52,371,No
671,Florges,78,65,68,112,154,75,552,No
672,Skiddo,66,65,48,62,57,52,350,No
673,Gogoat,123,100,62,97,81,68,531,No
674,Pancham,67,82,62,46,48,43,348,No
675,Pangoro,95,124,78,69,71,58,495,No
676,Furfrou,75,80,60,65,90,102,472,No
677,Espurr,62,48,54,63,60,68,355,No
678,Meowstic,74,48,76,83,81,104,466,No
679,Honedge,45,80,100,35,37,28,325,No
680,Doublade,59,110,150,45,49,35,448,No
681,Aegislash (Shield Forme),60,50,140,50,140,60,500,No
682,Spritzee,78,52,60,63,65,23,341,No
683,Aromatisse,101,72,72,99,89,29,462,No
684,Swirlix,62,48,66,59,57,49,341,No
685,Slurpuff,82,80,86,85,75,72,480,No
686,Inkay,53,54,53,37,46,45,288,No
687,Malamar,86,92,88,68,75,73,482,No
688,Binacle,42,52,67,39,56,50,306,No
689,Barbaracle,72,105,115,54,86,68,500,No
690,Skrelp,50,60,60,60,60,30,320,No
691,Dragalge,65,75,90,97,123,44,494,No
692,Clauncher,50,53,62,58,63,44,330,No
693,Clawitzer,71,73,88,120,89,59,500,No
694,Helioptile,44,38,33,61,43,70,289,No
695,Heliolisk,62,55,52,109,94,109,481,No
696,Tyrunt,58,89,77,45,45,48,362,No
697,Tyrantrum,82,121,119,69,59,71,521,No
698,Amaura,77,59,50,67,63,46,362,No
699,Aurorus,123,77,72,99,92,58,521,No
700,Sylveon,95,65,65,110,130,60,525,No
701,Hawlucha,78,92,75,74,63,118,500,No
702,Dedenne,67,58,57,81,67,101,431,No
703,Carbink,50,50,150,50,150,50,500,No
704,Goomy,45,50,35,55,75,40,300,No
705,Sliggoo,68,75,53,83,113,60,452,No
706,Goodra,90,100,70,110,150,80,600,No
707,Klefki,57,80,91,80,87,75,470,No
708,Phantump,43,70,48,50,60,38,309,No
709,Trevenant,85,110,76,65,82,56,474,No
710,Pumpkaboo (Small Size),44,66,70,44,55,56,335,No
710,Pumpkaboo (Average Size),49,66,70,44,55,51,335,No
710,Pumpkaboo (Large Size),54,66,70,44,55,46,335,No
710,Pumpkaboo (Super Size),59,66,70,44,55,41,335,No
711,Gourgeist (Small Size),55,85,122,58,75,99,494,No
711,Gourgeist (Average Size),65,90,122,58,75,84,494,No
711,Gourgeist (Large Size),75,95,122,58,75,69,494,No
711,Gourgeist (Super Size),85,100,122,58,75,54,494,No
712,Bergmite,55,69,85,32,35,28,304,No
713,Avalugg,95,117,184,44,46,28,514,No
714,Noibat,40,30,35,45,40,55,245,No
715,Noivern,85,70,80,97,80,123,535,No
716,Xerneas,126,131,95,131,98,99,680,Yes
717,Yveltal,126,131,95,131,98,99,680,Yes
718,Zygarde (50% Forme),108,100,121,81,95,95,600,Yes
719,Diancie,50,100,150,100,150,50,600,Yes
720,Hoopa (Hoopa Confined),80,110,60,150,130,70,600,Yes
721,Volcanion,80,110,120,130,90,70,600,Yes
722,Rowlet,68,55,55,50,50,42,320,No
723,Dartrix,78,75,75,70,70,52,420,No
724,Decidueye,78,107,75,100,100,70,530,No
725,Litten,45,65,40,60,40,70,320,No
726,Torracat,65,85,50,80,50,90,420,No
727,Incineroar,95,115,90,80,90,60,530,No
728,Popplio,50,54,54,66,56,40,320,No
729,Brionne,60,69,69,91,81,50,420,No
730,Primarina,80,74,74,126,116,60,530,No
731,Pikipek,35,75,30,30,30,65,265,No
732,Trumbeak,55,85,50,40,50,75,355,No
733,Toucannon,80,120,75,75,75,60,485,No
734,Yungoos,48,70,30,30,30,45,253,No
735,Gumshoos,88,110,60,55,60,45,418,No
736,Grubbin,47,62,45,55,45,46,300,No
737,Charjabug,57,82,95,55,75,36,400,No
738,Vikavolt,77,70,90,145,75,43,500,No
739,Crabrawler,47,82,57,42,47,63,338,No
740,Crabominable,97,132,77,62,67,43,478,No
741,Oricorio,75,70,70,98,70,93,476,No
742,Cutiefly,40,45,40,55,40,84,304,No
743,Ribombee,60,55,60,95,70,124,464,No
744,Rockruff,45,65,40,30,40,60,280,No
745,Lycanroc (Midday Form),75,115,65,55,65,112,487,No
746,Wishiwashi (Solo Form),45,20,20,25,25,40,175,No
747,Mareanie,50,53,62,43,52,45,305,No
748,Toxapex,50,63,152,53,142,35,495,No
749,Mudbray,70,100,70,45,55,45,385,No
750,Mudsdale,100,125,100,55,85,35,500,No
751,Dewpider,38,40,52,40,72,27,269,No
752,Araquanid,68,70,92,50,132,42,454,No
753,Fomantis,40,55,35,50,35,35,250,No
754,Lurantis,70,105,90,80,90,45,480,No
755,Morelull,40,35,55,65,75,15,285,No
756,Shiinotic,60,45,80,90,100,30,405,No
757,Salandit,48,44,40,71,40,77,320,No
758,Salazzle,68,64,60,111,60,117,480,No
759,Stufful,70,75,50,45,50,50,340,No
760,Bewear,120,125,80,55,60,60,500,No
761,Bounsweet,42,30,38,30,38,32,210,No
762,Steenee,52,40,48,40,48,62,290,No
763,Tsareena,72,120,98,50,98,72,510,No
764,Comfey,51,52,90,82,110,100,485,No
765,Oranguru,90,60,80,90,110,60,490,No
766,Passimian,100,120,90,40,60,80,490,No
767,Wimpod,25,35,40,20,30,80,230,No
768,Golisopod,75,125,140,60,90,40,530,No
769,Sandygast,55,55,80,70,45,15,320,No
770,Palossand,85,75,110,100,75,35,480,No
771,Pyukumuku,55,60,130,30,130,5,410,No
772,Type: Null,95,95,95,95,95,59,534,Yes
773,Silvally,95,95,95,95,95,95,570,Yes
774,Minior (Meteor Form),60,60,100,60,100,60,440,No
775,Komala,65,115,65,75,95,65,480,No
776,Turtonator,60,78,135,91,85,36,485,No
777,Togedemaru,65,98,63,40,73,96,435,No
778,Mimikyu,55,90,80,50,105,96,476,No
779,Bruxish,68,105,70,70,70,92,475,No
780,Drampa,78,60,85,135,91,36,485,No
781,Dhelmise,70,131,100,86,90,40,517,No
782,Jangmo-o,45,55,65,45,45,45,300,No
783,Hakamo-o,55,75,90,65,70,65,420,No
784,Kommo-o,75,110,125,100,105,85,600,No
785,Tapu Koko,70,115,85,95,75,130,570,Yes
786,Tapu Lele,70,85,75,130,115,95,570,Yes
787,Tapu Bulu,70,130,115,85,95,75,570,Yes
788,Tapu Fini,70,75,115,95,130,85,570,Yes
789,Cosmog,43,29,31,29,31,37,200,Yes
790,Cosmoem,43,29,131,29,131,37,400,Yes
791,Solgaleo,137,137,107,113,89,97,680,Yes
792,Lunala,137,113,89,137,107,97,680,Yes
793,Nihilego,109,53,47,127,131,103,570,Yes
794,Buzzwole,107,139,139,53,53,79,570,Yes
795,Pheromosa,71,137,37,137,37,151,570,Yes
796,Xurkitree,83,89,71,173,71,83,570,Yes
797,Celesteela,97,101,103,107,101,61,570,Yes
798,Kartana,59,181,131,59,31,109,570,Yes
799,Guzzlord,223,101,53,97,53,43,570,Yes
800,Necrozma,97,107,101,127,89,79,600,Yes
801,Magearna,80,95,115,130,115,65,600,Yes
802,Marshadow,90,125,80,90,90,125,600,Yes
803,Poipole,67,73,67,73,67,73,420,Yes
804,Naganadel,73,73,73,127,73,121,540,Yes
805,Stakataka,61,131,211,53,101,13,570,No
806,Blacephalon,53,127,53,151,79,107,570,No
807,Zeraora,88,112,75,102,80,143,600,Yes
808,Meltan,46,65,65,55,35,34,300,No
809,Melmetal,135,143,143,80,65,34,600,Yes
810,Grookey,50,65,50,40,40,65,310,No
811,Thwackey,70,85,70,55,60,80,420,No
812,Rillaboom,100,125,90,60,70,85,530,No
813,Scorbunny,50,71,40,40,40,69,310,No
814,Raboot,65,86,60,55,60,94,420,No
815,Cinderace,80,116,75,65,75,119,530,No
816,Sobble,50,40,40,70,40,70,310,No
817,Drizzile,65,60,55,95,55,90,420,No
818,Inteleon,70,85,65,125,65,120,530,No
819,Skwovet,70,55,55,35,35,25,275,No
820,Greedent,120,95,95,55,75,20,460,No
821,Rookidee,38,47,35,33,35,57,245,No
822,Corvisquire,68,67,55,43,55,77,365,No
823,Corviknight,98,87,105,53,85,67,495,No
824,Blipbug,25,20,20,25,45,45,180,No
825,Dottler,50,35,80,50,90,30,335,No
826,Orbeetle,60,45,110,80,120,90,505,No
827,Nickit,40,28,28,47,52,50,245,No
828,Thievul,70,58,58,87,92,90,455,No
829,Gossifleur,40,40,60,40,60,10,250,No
830,Eldegoss,60,50,90,80,120,60,460,No
831,Wooloo,42,40,55,40,45,48,270,No
832,Dubwool,72,80,100,60,90,88,490,No
833,Chewtle,50,64,50,38,38,44,284,No
834,Drednaw,90,115,90,48,68,74,485,No
835,Yamper,59,45,50,40,50,26,270,No
836,Boltund,69,90,60,90,60,121,490,No
837,Rolycoly,30,40,50,40,50,30,240,No
838,Carkol,80,60,90,60,70,50,410,No
839,Coalossal,110,80,120,80,90,30,510,No
840,Applin,40,40,80,40,40,20,260,No
841,Flapple,70,110,80,95,60,70,485,No
842,Appletun,110,85,80,100,80,30,485,No
843,Silicobra,52,57,75,35,50,46,315,No
844,Sandaconda,72,107,125,65,70,71,510,No
845,Cramorant,70,85,55,85,95,85,475,No
846,Arrokuda,41,63,40,40,30,66,280,No
847,Barraskewda,61,123,60,60,50,136,490,No
848,Toxel,40,38,35,54,35,40,242,No
849,Toxtricity (Amped Form),75,98,70,114,70,75,502,No
850,Sizzlipede,50,65,45,50,50,45,305,No
851,Centiskorch,100,115,65,90,90,65,525,No
852,Clobbopus,50,68,60,50,50,32,310,No
853,Grapploct,80,118,90,70,80,42,480,No
854,Sinistea,40,45,45,74,54,50,308,No
855,Polteageist,60,65,65,134,114,70,508,No
856,Hatenna,42,30,45,56,53,39,265,No
857,Hattrem,57,40,65,86,73,49,370,No
858,Hatterene,57,90,95,136,103,29,510,No
859,Impidimp,45,45,30,55,40,50,265,No
860,Morgrem,65,60,45,75,55,70,370,No
861,Grimmsnarl,95,120,65,95,75,60,510,No
862,Obstagoon,93,90,101,60,81,95,520,No
863,Perrserker,70,110,100,50,60,50,440,No
864,Cursola,60,95,50,145,130,30,510,No
865,Sirfetch'd,62,135,95,68,82,65,507,No
866,Mr. Rime,80,85,75,110,100,70,520,No
867,Runerigus,58,95,145,50,105,30,483,No
868,Milcery,45,40,40,50,61,34,270,No
869,Alcremie,65,60,75,110,121,64,495,No
870,Falinks,65,100,100,70,60,75,470,No
871,Pincurchin,48,101,95,91,85,15,435,No
872,Snom,30,25,35,45,30,20,185,No
873,Frosmoth,70,65,60,125,90,65,475,No
874,Stonjourner,100,125,135,20,20,70,470,No
875,Eiscue (Ice Face),75,80,110,65,90,50,470,No
876,Indeedee (Male),60,65,55,105,95,95,475,No
877,Morpeko,58,95,58,70,58,97,436,No
878,Cufant,72,80,49,40,49,40,330,No
879,Copperajah,122,130,69,80,69,30,500,No
880,Dracozolt,90,100,90,80,70,75,505,No
881,Arctozolt,90,100,90,90,80,55,505,No
882,Dracovish,90,90,100,70,80,75,505,No
883,Arctovish,90,90,100,80,90,55,505,No
884,Duraludon,70,95,115,120,50,85,535,No
885,Dreepy,28,60,30,40,30,82,270,No
886,Drakloak,68,80,50,60,50,102,410,No
887,Dragapult,88,120,75,100,75,142,600,No
888,Zacian (Hero of Many Battles),92,130,115,80,115,138,670,Yes
889,Zamazenta (Hero of Many Battles),92,130,115,80,115,138,670,Yes
890,Eternatus,140,85,95,145,95,130,690,Yes
